versus,reflection
Be still and know God is present.,Pause your thinking. Quiet creates clarity.
Trust God with all your heart.,Stop overthinking. Choose trust first.
Love your neighbor as yourself.,Treat people with basic respect today.
Ask and you will receive.,Speak your needs clearly.
Seek and you will find.,Take one clear step forward.
Knock and the door opens.,Consistency brings access.
Faith moves mountains.,Small belief creates movement.
Do not fear. God is with you.,Fear shrinks when support feels real.
Light shines in darkness.,Your effort matters even in hard times.
The truth sets you free.,Honesty reduces mental weight.
Give and it returns.,Generosity builds momentum.
Forgive and release others.,Letting go frees your energy.
Peace surpasses understanding.,Calm comes before logic.
Love remains.,Choose love over control.
Hope anchors the soul.,Hold steady during uncertainty.
Joy comes in the morning.,Emotions change with time.
Walk humbly.,Stay open to learning.
Serve one another.,Help without seeking credit.
God strengthens the weary.,Rest restores focus.
Patience produces growth.,Progress takes time.
Kind words heal.,Speak with care.
Plans succeed with guidance.,Ask before acting.
Do good without reward.,Integrity builds trust.
God directs your steps.,Focus on the next step.
Life flows from the heart.,Protect your inner state.
Do what is right.,Simple choices shape outcomes.
Love covers many faults.,Grace reduces conflict.
Faith without action fades.,Move with intention.
God gives wisdom freely.,Ask better questions.
Peace follows obedience.,Alignment lowers stress.
